Workbook

Sheet Respuestas
A1: FitManager - System Usability Scale (SUS) - RNF-06
A2: RNF-06: puntaje minimo requerido = 80. Escala de Brooke (1996).
A3: INSTRUCCIONES: escriba en P1..P10 la respuesta de cada participante (1 = Totalmente en desacuerdo, 5 = Totalmente de acuerdo). Las celdas amarillas son las unicas que debe llenar.
A5: Participante | B5: Rol | C5: P1 | D5: P2 | E5: P3 | F5: P4 | G5: P5 | H5: P6 | I5: P7 | J5: P8 | K5: P9 | L5: P10 | M5: Suma | N5: Puntaje SUS
A6: EJEMPLO (borrar) | B6: Recepcionista | C6: 5 | D6: 2 | E6: 4 | F6: 2 | G6: 4 | H6: 1 | I6: 5 | J6: 2 | K6: 4 | L6: 1 | M6: =IF(COUNT(C6:L6)=10,(C6-1)+(E6-1)+(G6-1)+(I6-1)+(K6-1)+(5-D6)+(5-F6)+(5-H6)+(5-J6)+(5-L6),"") -> 34 | N6: =IF(M6="","",M6*2.5) -> 85
A7: P1 | M7: =IF(COUNT(C7:L7)=10,(C7-1)+(E7-1)+(G7-1)+(I7-1)+(K7-1)+(5-D7)+(5-F7)+(5-H7)+(5-J7)+(5-L7),"") | N7: =IF(M7="","",M7*2.5)
A8: P2 | M8: =IF(COUNT(C8:L8)=10,(C8-1)+(E8-1)+(G8-1)+(I8-1)+(K8-1)+(5-D8)+(5-F8)+(5-H8)+(5-J8)+(5-L8),"") | N8: =IF(M8="","",M8*2.5)
A9: P3 | M9: =IF(COUNT(C9:L9)=10,(C9-1)+(E9-1)+(G9-1)+(I9-1)+(K9-1)+(5-D9)+(5-F9)+(5-H9)+(5-J9)+(5-L9),"") | N9: =IF(M9="","",M9*2.5)
A10: P4 | M10: =IF(COUNT(C10:L10)=10,(C10-1)+(E10-1)+(G10-1)+(I10-1)+(K10-1)+(5-D10)+(5-F10)+(5-H10)+(5-J10)+(5-L10),"") | N10: =IF(M10="","",M10*2.5)
A11: P5 | M11: =IF(COUNT(C11:L11)=10,(C11-1)+(E11-1)+(G11-1)+(I11-1)+(K11-1)+(5-D11)+(5-F11)+(5-H11)+(5-J11)+(5-L11),"") | N11: =IF(M11="","",M11*2.5)
A12: P6 | M12: =IF(COUNT(C12:L12)=10,(C12-1)+(E12-1)+(G12-1)+(I12-1)+(K12-1)+(5-D12)+(5-F12)+(5-H12)+(5-J12)+(5-L12),"") | N12: =IF(M12="","",M12*2.5)
A13: P7 | M13: =IF(COUNT(C13:L13)=10,(C13-1)+(E13-1)+(G13-1)+(I13-1)+(K13-1)+(5-D13)+(5-F13)+(5-H13)+(5-J13)+(5-L13),"") | N13: =IF(M13="","",M13*2.5)
A14: P8 | M14: =IF(COUNT(C14:L14)=10,(C14-1)+(E14-1)+(G14-1)+(I14-1)+(K14-1)+(5-D14)+(5-F14)+(5-H14)+(5-J14)+(5-L14),"") | N14: =IF(M14="","",M14*2.5)
A15: P9 | M15: =IF(COUNT(C15:L15)=10,(C15-1)+(E15-1)+(G15-1)+(I15-1)+(K15-1)+(5-D15)+(5-F15)+(5-H15)+(5-J15)+(5-L15),"") | N15: =IF(M15="","",M15*2.5)
A16: P10 | M16: =IF(COUNT(C16:L16)=10,(C16-1)+(E16-1)+(G16-1)+(I16-1)+(K16-1)+(5-D16)+(5-F16)+(5-H16)+(5-J16)+(5-L16),"") | N16: =IF(M16="","",M16*2.5)
A17: P11 | M17: =IF(COUNT(C17:L17)=10,(C17-1)+(E17-1)+(G17-1)+(I17-1)+(K17-1)+(5-D17)+(5-F17)+(5-H17)+(5-J17)+(5-L17),"") | N17: =IF(M17="","",M17*2.5)
A18: P12 | M18: =IF(COUNT(C18:L18)=10,(C18-1)+(E18-1)+(G18-1)+(I18-1)+(K18-1)+(5-D18)+(5-F18)+(5-H18)+(5-J18)+(5-L18),"") | N18: =IF(M18="","",M18*2.5)
... A25: P19 | M25: =IF(COUNT(C25:L25)=10,(C25-1)+(E25-1)+(G25-1)+(I25-1)+(K25-1)+(5-D25)+(5-F25)+(5-H25)+(5-J25)+(5-L25),"") | N25: =IF(M25="","",M25*2.5)

Sheet Resultado
A1: Resultado SUS - RNF-06
A3: Participantes con respuesta completa | B3: =COUNT(Respuestas!N7:N25) -> 0
A4: Puntaje SUS promedio | B4: =IFERROR(AVERAGE(Respuestas!N7:N25),"sin datos") -> sin datos
A5: Puntaje minimo obtenido | B5: =IFERROR(MIN(Respuestas!N7:N25),"sin datos") -> 0
A6: Puntaje maximo obtenido | B6: =IFERROR(MAX(Respuestas!N7:N25),"sin datos") -> 0
A7: Desviacion estandar | B7: =IFERROR(STDEV(Respuestas!N7:N25),"sin datos") -> sin datos
A9: Umbral exigido por el RNF-06 | B9: 80 | C9: Valor definido en el documento del proyecto (azul = dato fijo)
A11: CUMPLE EL RNF-06 | B11: =IF(COUNT(Respuestas!N7:N25)=0,"sin datos",IF(B4>=B9,"SI","NO")) -> sin datos
A13: Interpretacion (Bangor et al., 2009)
A14: Rango | B14: Calificacion
A15: 85 - 100 | B15: Excelente
A16: 72 - 84 | B16: Bueno
A17: 52 - 71 | B17: Aceptable
A18: 39 - 51 | B18: Pobre
A19: 0 - 38 | B19: Inaceptable
A21: Nota: el SUS produce un puntaje de 0 a 100, pero NO es un porcentaje.
A22: Brooke (1996) recomienda un minimo de 8 a 12 participantes para que el promedio sea estable.

Sheet Cuestionario
A1: Cuestionario SUS - las 10 afirmaciones
A2: Escala: 1 = Totalmente en desacuerdo ... 5 = Totalmente de acuerdo
A4: N | B4: Afirmacion | C4: Tipo
A5: 1 | B5: Creo que me gustaria usar este sistema con frecuencia. | C5: Positiva
A6: 2 | B6: Encontre el sistema innecesariamente complejo. | C6: Negativa
A7: 3 | B7: Pense que el sistema era facil de usar. | C7: Positiva
A8: 4 | B8: Creo que necesitaria el apoyo de una persona con conocimientos tecnicos para poder usar este sistema. | C8: Negativa
A9: 5 | B9: Encontre que las diversas funciones del sistema estaban bien integradas. | C9: Positiva
A10: 6 | B10: Pense que habia demasiada inconsistencia en este sistema. | C10: Negativa
A11: 7 | B11: Imagino que la mayoria de la gente aprenderia a usar este sistema muy rapidamente. | C11: Positiva
A12: 8 | B12: Encontre el sistema muy engorroso de usar. | C12: Negativa
A13: 9 | B13: Me senti muy seguro usando el sistema. | C13: Positiva
A14: 10 | B14: Necesite aprender muchas cosas antes de poder empezar a usar este sistema. | C14: Negativa
A16: Como se calcula
A17: Preguntas impares (positivas): se resta 1 al valor marcado.
A18: Preguntas pares (negativas): se resta el valor marcado a 5.
A19: Se suman los 10 resultados (rango 0 a 40) y se multiplica por 2.5.
A20: El resultado va de 0 a 100. La hoja Respuestas ya aplica esta formula.
A22: La alternancia entre afirmaciones positivas y negativas es intencional:
A23: obliga a leer cada una y evita que el participante marque todo igual.
